Country,CTS Name,2000,2001,2002,2003,2004,2005,2006,2007,2008,2009,2010,2011,2012,2013,2014,2015,2016,2017,2018,2019,2020,2021
Austria,Environmental Protection Expenditures,948090000.4438491,1072800000.4864755,1109530000.4893503,1254700000.5411396,1216650000.5020254,1310830000.5159225,1314080000.49065,1314150000.4627647,1350140000.4596035,1577080000.5475135,1693530000.5723383,1504750000.4852018,1528350000.479628,1457160000.4498653,1514370000.4545662,1397700000.4059904,1348420000.3770666,1323980000.3584507,1436150000.3726158,1573600000.395856,1577430000.4158566,1751410000.4344811
Austria,Expenditure on Biodiversity & Landscape Protection,38890000.01820638,39420000.01787552,35830000.01580257,44090000.01901558,51560000.02127516,58110000.022871196,58730000.02192855,61890000.02179394,65780000.02239228,62100000.0215592,64920000.0219401,62450000.02013681,59440000.01865351,60170000.01857614,63830000.019159764,72420000.02103586,81810000.02287701,74660000.02021325,79640000.02066296,83160000.02091978,85630000.02257457,90280000.02239622
Austria,Expenditure on Environmental Protection Not Elsewhere Classified,155180000.07264763,180490000.08184558,163870000.0722737,205950000.08882418,186030000.07676142,189860000.07472596,187900000.07015792,214920000.07568192,209690000.07138094,181690000.06307715,189500000.06404263,173740000.05602193,187920000.05897322,179620000.05545363,194010000.0582357,180600000.05245894,199800000.05587122,177330000.04800984,186240000.04832083,185760000.0467299,171920000.04532313,186450000.0462536
Austria,Expenditure on Environmental Protection R&D,72310000.03385198,77550000.03516608,74210000.03272979,79270000.03418836,59640000.02460921,64850000.02552396,73790000.02755164,79340000.02793878,82410000.02805333,75970000.02637443,78980000.02669175,93300000.0300843,93290000.02927636,81780000.02524774,86330000.02591355,79260000.02302267,85910000.02402352,77160000.02089009,76830000.0199339,88480000.02225809,91610000.02415107,96460000.02392931
Austria,Expenditure on Pollution Abatement,300490000.14067465,306920000.13917696,324320000.14303905,424160000.182936,407560000.16817117,421910000.1660573,408860000.1526597,351350000.1237244,391160000.13315547,673340000.2337629,786380000.2657617,603120000.1944742,626240000.1965272,634370000.1958475,568190000.1705528,508770000.14778256,457250000.12786347,513990000.1391562,570410000.1479955,651480000.1638867,645230000.1701015,770030000.1910253
Austria,Expenditure on Waste Management,118820000.05562568,125630000.0569686,132000000.05821766,131730000.05681385,123910000.0511289,150370000.0591833,149170000.05569693,151940000.05350414,162300000.05524883,160270000.0556408,160330000.05418447,161540000.05208808,158530000.04975003,158190000.0488376,165550000.0496929,173190000.05030656,173630000.04855317,173500000.0469729,183990000.04773706,190590000.04794493,195990000.0516687,216280000.0536537
Austria,Expenditure on Waste Water Management,262390000.12283808,342790000.1554427,379300000.1672876,369490000.15935737,387940000.16007537,425730000.16756076,435620000.16265136,454720000.1601251,438790000.14936924,423710000.147099,413420000.1397177,410600000.1323967,402930000.12644786,343020000.10589975,436460000.1310116,383460000.11138374,350030000.0978809,307320000.08320296,339050000.08796805,374130000.0941164,387040000.10203505,391930000.09722805
Belgium,Environmental Protection Expenditures,2020800000.7882173,2165700000.819301,2260900000.8273954,2379400000.846156,2594000000.8739305,2631400000.8487372,2650000000.815006,2787000000.811073,3371200000.95843,3611400001.042332,4441500001.223082,5679300001.510581,6086400001.576073,6058700001.542125,5492600001.362914,5271200001.26498,5058700001.176209,5590500001.256151,5912200001.2850065,6270400001.311141,6648600001.455689,6755300001.334498
Belgium,Expenditure on Biodiversity & Landscape Protection,0.0,13600000.005144985,28100000.010283437,28600000.01017066,168500000.05676842,162900000.05254212,156700000.048193,133200000.03876387,174900000.04972395,156800000.04525605,166900000.04596025,200200000.0532492,184900000.04787984,218800000.0556913,293100000.0727288,211300000.0507077,252500000.05870932,260800000.05860016,219900000.04779488,277900000.0581089,282500000.06185246,323400000.0638872
Belgium,Expenditure on Environmental Protection Not Elsewhere Classified,0.0,406100000.1536308,402400000.14726174,380800000.13541913,315600000.10632706,335700000.1082774,319800000.0983543,402100000.1170191,446100000.1268259,521900000.1506322,541400000.1490885,581200000.1545876,600600000.1555253,596000000.1517003,555100000.1377406,520100000.12481344,520400000.12099934,594200000.1335131,566800000.123193,638200000.1334476,649500000.142206,688600000.1360319
Belgium,Expenditure on Environmental Protection R&D,0.0,4100000.001551062,3400000.001244259,4900000.001742526,39000000.01313928,43300000.013966076,39900000.012271225,36400000.01059313,41400000.01176999,29600000.008543234,40600000.01118026,40800000.01085199,46500000.012041174,42400000.0107921,53100000.01317605,51900000.01245494,58600000.01362521,90400000.02031232,88100000.01914838,87400000.01827535,61600000.01348712,119800000.0236663
Belgium,Expenditure on Pollution Abatement,0.0,108600000.04108423,109000000.03988948,206100000.07329276,274100000.09234554,322200000.1039231,445000000.1368595,585700000.1704504,793600000.2256199,1020500000.2945396,2091800000.5760312,3127700000.831906,3464800000.8972096,3289800000.837355,2829900000.7022014,2614200000.6273546,2262700000.5261054,2559100000.575014,2753700000.598512,2795400000.5845184,3066700000.671444,3042500000.6010413
Belgium,Expenditure on Waste Management,0.0,1051600000.3978285,1120900000.410203,1160300000.412623,1272600000.4287448,1324400000.4271748,1287100000.3958468,1366000000.3975334,1674100000.4759455,1620300000.4676554,1497700000.4124305,1566200000.416578,1560600000.4041173,1578000000.4016495,1478500000.36687,1529100000.366953,1631700000.3793902,1726600000.3879564,1847900000.401638,1994200000.4169872,2058900000.4507895,2009500000.3969736
Belgium,Expenditure on Waste Water Management,0.0,581500000.219986,597100000.2185138,598800000.2129438,524200000.17660534,442900000.1428539,401400000.12345034,263700000.07674196,241000000.06851614,262300000.07570577,103100000.02839126,163100000.04338136,229100000.05932543,333800000.0849623,283000000.0702226,344600000.082697,332800000.07738006,359300000.0807325,435800000.09472036,477300000.09980345,529300000.11588854,571500000.112899
Bulgaria,Environmental Protection Expenditures,305800001.0872935,371477001.1988277,240210000.7050751,333336000.9098117,324370000.78728104,329413000.7006217,626667001.1689708,767013001.2087532,493109000.6774373,803044001.0973325,498008000.66509545,555385000.6846087,565529000.6842796,774774000.9420681,577449000.6862115,696716000.7775869,629409000.6598237,688286000.6699257,768805000.6991413,810898000.67353,836399000.6972834,1093823000.8240075
Bulgaria,Expenditure on Biodiversity & Landscape Protection,0.0,28997000.093578894,0.0,0.0,0.0,0.0,0.0,0.0,0.0,0.0,0.0,0.0,0.0,0.0,0.0,8860000.00988842,1481000.001552566,12897000.012552967,7335000.006670353,11516000.009565163,5741000.004786118,22033000.01659808
Bulgaria,Expenditure on Environmental Protection Not Elsewhere Classified,294640001.0476134,334635001.0799315,80979000.23769316,170557000.46552053,126722000.30756798,92826000.1974297,272576000.5084573,466464000.73511124,133362000.18321384,383301000.5237679,81717000.10913399,96599000.11907507,96541000.11681281,196585000.2390329,43667000.05189168,45832000.051151924,76466000.08016104,71641000.06972995,107625000.09787276,107372000.08918293,93746000.07815352,90257000.06799313
Bulgaria,Expenditure on Waste Management,11160000.03968017,7845000.025317323,159231000.46738192,162779000.44429117,197648000.47971305,236587000.503192,354091000.6605136,300551000.47364515,337921000.46423876,403674000.5516069,406134000.5423966,447402000.55150086,451589000.54641426,501041000.60922897,531334000.6314107,637801000.7118335,546062000.5724491,581644000.5661285,652461000.5933396,690726000.5737154,706479000.5889726,855535000.6444986
Bulgaria,Expenditure on Waste Water Management,0.0,0.0,0.0,0.0,0.0,0.0,0.0,0.0,21827000.029986117,16068000.021956379,10157000.01356479,11385000.014033994,17398000.021051254,77148000.0938063,2448000.002909081,4224000.004714299,5399000.005659893,22104000.021514367,1114000.001013057,1283000.001065657,30433000.025371175,125955000.09488544
"Croatia, Rep. of",Environmental Protection Expenditures,158874000.08788154,153135000.07887906,172972000.08116063,175225000.0746986,192219000.07591766,195532000.07179227,196621000.06622174,251802000.07752907,269560000.0772031,289326000.08679736,261585000.07873777,248391000.07358164,257951000.07709396,285508000.084984,287890000.0858622,380278000.11053467,528389000.1484564,451690000.1213063,507311000.12979484,592154000.1436472,655443000.1732404,867608000.2014774
"Croatia, Rep. of",Expenditure on Biodiversity & Landscape Protection,19749000.010924205,19197000.009888276,22134000.01038555,25133000.010714225,23126000.009133708,27078000.009942062,32819000.011053406,33861000.010425694,25947000.00743133,29077000.008723058,26175000.007878743,29352000.008695032,32031000.009573124,50701000.015091605,54109000.01613782,63052000.01832721,64414000.01809779,61919000.016629025,91424000.02339071,122151000.0296319,88154000.02330002,90942000.0211187
"Croatia, Rep. of",Expenditure on Environmental Protection Not Elsewhere Classified,93605000.05177782,83141000.0428255,92369000.0433407,78989000.0336731,100500000.03969288,101015000.03708905,83327000.02806444,141283000.0435006,153932000.04408675,167538000.05026114,146034000.0439566,138400000.04099867,157289000.04700905,161398000.04804155,162005000.04831743,175662000.05105934,335000000.09412175,280504000.0753324,112194000.02870469,160630000.0389663,239974000.06342763,425030000.0987012
"Croatia, Rep. of",Expenditure on Environmental Protection R&D,1912000.001057627,2066000.001064186,2581000.001211038,2571000.00109602,2978000.001176173,6139000.002254019,7735000.00260514,8112000.00249766,10599000.003035598,7408000.002222389,13957000.004201094,5812000.001721707,9308000.002781887,6307000.001877335,6368000.001899234,4259000.001237955,4236000.001190148,3729000.001001464,5716000.001462431,6563000.00159208,6631000.001752642,5817000.001350834
"Croatia, Rep. of",Expenditure on Pollution Abatement,5771000.003192243,6097000.003140533,7481000.00351018,10095000.00430351,7556000.002984273,8952000.00328685,9376000.003157826,7902000.002433002,8379000.00239978,10596000.003178785,8918000.002684342,8430000.002497245,8402000.00251111,8776000.002612256,11875000.003541678,12337000.003585972,12896000.003623266,11267000.003025876,22390000.005728453,20227000.00490675,18073000.00477688,25987000.006034747
"Croatia, Rep. of",Expenditure on Waste Management,19014000.01051764,21892000.011276457,23890000.011209488,29207000.012450974,29261000.011556752,27227000.009996768,25606000.008624077,17546000.00540236,31559000.009038627,28439000.008531656,28444000.00856172,24124000.00714633,28507000.008519903,25034000.007451594,34055000.01015679,27229000.007914603,29344000.008244503,31856000.00855528,161913000.04142523,159060000.03858545,175473000.04637936,199132000.04624277
"Croatia, Rep. of",Expenditure on Waste Water Management,18824000.01041254,20743000.010684613,24518000.011504155,29229000.012460355,28798000.01137389,25121000.00922352,37758000.01271686,43099000.01327005,39145000.01121129,46268000.01388033,38057000.01145526,42272000.01252237,22414000.006698884,33292000.00990966,19477000.00580895,97739000.02840962,82500000.02317923,62414000.01676196,113675000.0290836,123522000.02996449,127138000.03360389,120700000.02802916
Cyprus,Environmental Protection Expenditures,22800000.215195846,27000000.236491516,27700000.233223878,31500000.245227788,37100000.267748244,42400000.28605354,43200000.26999831,46900000.267822474,51500000.27091575,54600000.29236165,58300000.300363734,60600000.3060127,54100000.27828359,44003000.244530395,45775000.26262041,62800000.351157755,46300000.244595654,55600000.274630286,55800000.258181535,61800000.26858005,74400000.34415923,89800000.38316138
Cyprus,Expenditure on Biodiversity & Landscape Protection,100000.000943841,100000.000875895,100000.000841963,200000.001557002,200000.001443387,200000.001349309,200000.001249992,0.0,1100000.00578655,600000.003212765,0.0,0.0,0.0,0.0,0.0,1200000.006710021,1100000.005811128,1000000.004939394,1300000.006014982,2000000.008691911,5400000.0249793,500000.002133415
Cyprus,Expenditure on Environmental Protection Not Elsewhere Classified,0.0,0.0,0.0,0.0,0.0,0.0,0.0,0.0,0.0,0.0,0.0,0.0,0.0,0.0,0.0,0.0,0.0,0.0,0.0,0.0,0.0,0.0
Cyprus,Expenditure on Environmental Protection R&D,0.0,0.0,0.0,0.0,0.0,0.0,0.0,0.0,0.0,0.0,0.0,0.0,0.0,0.0,0.0,0.0,0.0,0.0,0.0,0.0,0.0,0.0
Cyprus,Expenditure on Pollution Abatement,800000.007550731,900000.007883051,1100000.009261598,1200000.009342011,1200000.008660321,1300000.008770509,1500000.009374941,1800000.010278901,2200000.0115731,2400000.012851062,3800000.019577739,3500000.017674001,4100000.021089884,2700000.015004251,2500000.014343004,2500000.01397921,7600000.04014961,4000000.019757575,3600000.016656873,4000000.017383822,3800000.017578026,5000000.021334153
Cyprus,Expenditure on Waste Management,21600000.20386975,25600000.224228993,26100000.219752464,29600000.230436273,35300000.25475776,40500000.273235105,41000000.2562484,43900000.250690974,46600000.2451393,50400000.26987229,53500000.27563396,56400000.2848039,50000000.25719371,41303000.22952615,43275000.2482774,43600000.24379742,37600000.198634915,41000000.20251514,45900000.212375134,50600000.21990535,51000000.23591561,62600000.26710359
Cyprus,Expenditure on Waste Water Management,300000.002831524,400000.003503578,400000.003367854,500000.003892505,400000.002886774,400000.002698618,500000.00312498,1200000.006852601,1600000.0084168,1200000.006425531,1000000.005152037,700000.0035348,0.0,0.0,0.0,15500000.086671103,0.0,9600000.047418179,5000000.023134546,5200000.022598968,14200000.065686306,21700000.09259022
Czech Rep.,Environmental Protection Expenditures,20770000000.870388,22208000000.86107,24009000000.8922,29812000001.05587,31229000001.01419,35302000001.07445,37598000001.064835,36919000000.956566,36714000000.90812,27092000000.685123,39465000000.98839,51885000001.27722,53911000001.31847,41598000001.004105,46147000001.06188,51312000001.10936,35940000000.74924,40972000000.80168,46073000000.85151,48298000000.83395,51459000000.901344,56911000000.93168
Czech Rep.,Expenditure on Biodiversity & Landscape Protection,2961000000.124084,3046000000.118102,3436000000.1276855,3962000000.1403246,6941000000.225415,8230000000.250487,8640000000.244698,8733000000.22627,8408000000.207972,11319000000.286243,11531000000.28879,10756000000.264774,12215000000.298735,13182000000.31819,12368000000.2846,10668000000.23064,9484000000.197712,10599000000.207386,12648000000.233757,12507000000.215954,13235000000.231821,14074000000.230404
Czech Rep.,Expenditure on Environmental Protection Not Elsewhere Classified,1233000000.05167,1357000000.0526147,1552000000.0576742,1617000000.0572703,1679000000.054527,1747000000.0531714,1920000000.0543773,2003000000.0518975,2337000000.0578055,-10419000000.263483,-3130000000.0783896,1678000000.0413065,2191000000.053584,792000000.0191175,2359000000.0542827,2353000000.0508714,2172000000.0452795,2364000000.0462556,2379000000.0439677,2580000000.044548,2574000000.045086,2688000000.044005
Czech Rep.,Expenditure on Environmental Protection R&D,741000000.0310524,724000000.0280715,800000000.0297289,688000000.0243673,753000000.0244544,910000000.0276966,684000000.019372,848000000.0219716,954000000.0235971,953000000.0241002,947000000.0237173,955000000.0235087,851000000.0208124,874000000.0210968,956000000.0219984,1125000000.0243223,970000000.0202215,1003000000.0196253,1316000000.0243218,1436000000.024795,1404000000.0245922,1533000000.0250964
Czech Rep.,Expenditure on Pollution Abatement,652000000.0273228,710000000.0275288,733000000.0272391,896000000.0317342,968000000.0314367,950000000.0289141,1062000000.0300775,695000000.0180074,488000000.01207066,563000000.0142376,2430000000.0608582,8766000000.215788,9136000000.223434,1089000000.0262866,1172000000.0269687,1058000000.0228738,473000000.0098606,393000000.00768965,344000000.0063577,1627000000.0280929,2387000000.04181,2934000000.048032
Czech Rep.,Expenditure on Waste Management,7417000000.310818,7489000000.29037,8103000000.301117,9467000000.335299,8824000000.286568,10029000000.30524,10681000000.302502,10879000000.281874,11091000000.274336,11558000000.292288,12367000000.309727,12134000000.298697,12318000000.301254,12386000000.298975,13660000000.31433,14716000000.318157,13221000000.275618,14071000000.275322,15838000000.292713,16551000000.285782,16970000000.297243,19132000000.313206
Czech Rep.,Expenditure on Waste Water Management,7766000000.325442,8882000000.34438,9385000000.348757,13182000000.466875,12064000000.391788,13436000000.408936,14611000000.413807,13761000000.356546,13436000000.332338,13118000000.331738,15320000000.383684,17596000000.43315,17200000000.42065,13275000000.320435,15632000000.359707,21392000000.46249,9620000000.200548,12542000000.245405,13548000000.25039,13597000000.234776,14889000000.260794,16550000000.270937
Denmark,Environmental Protection Expenditures,6674000000.502973,8301000000.605238,9606000000.681145,8963000000.623838,8488000000.563611,9886000000.623335,9663000000.574406,9022000000.51885,8203000000.45535,7588000000.440614,7447000000.411226,7083000000.383517,7578000000.399894,9130000000.473137,9196000000.46417,8615000000.42306,8498000000.403168,8869000000.40443,8938000000.39666,8981000000.388628,9383000000.403757,9249000000.369343
Denmark,Expenditure on Biodiversity & Landscape Protection,1527000000.1150794,1770000000.1290534,1966000000.1394057,1844000000.1283453,2266000000.1504645,2542000000.1602793,2167000000.1288147,2162000000.1243353,2876000000.1596475,2910000000.1689754,2674000000.1476593,2707000000.1465735,2812000000.1483903,4062000000.2105017,4201000000.212047,4049000000.1988354,4178000000.1982155,4012000000.182949,4277000000.1898093,4046000000.1750793,4373000000.188173,4221000000.1685586
Denmark,Expenditure on Environmental Protection Not Elsewhere Classified,2357000000.1776304,2472000000.1802373,2285000000.1620255,2232000000.1553507,2295000000.15239,2689000000.169548,2787000000.16567,2242000000.1289363,2279000000.1265078,2105000000.1222315,2306000000.127338,2062000000.1116493,2110000000.1113455,2347000000.1216264,2379000000.120081,2350000000.115402,2268000000.1075997,2285000000.104197,2341000000.1038914,2410000000.1042857,2450000000.1054254,2807000000.1120925
Denmark,Expenditure on Environmental Protection R&D,559000000.042128,1672000000.121908,2124000000.1506093,2147000000.1494343,1795000000.1191897,2095000000.1320946,1913000000.1137161,2531000000.1455564,684000000.037969,767000000.0445375,786000000.0434033,741000000.0401223,767000000.0404749,777000000.0402658,731000000.0368975,372000000.0182679,420000000.0199259,452000000.0206114,448000000.01988184,429000000.01856375,451000000.01940686,385000000.0153743
Denmark,Expenditure on Pollution Abatement,1867000000.1407027,1957000000.1426878,2694000000.191027,1781000000.1239603,1399000000.092895,1612000000.1016405,1759000000.1045618,1006000000.0578544,1266000000.070276,1153000000.0669515,986000000.0544473,1043000000.0564744,1101000000.0581002,1126000000.0583518,1242000000.0626905,1171000000.0575047,898000000.0426035,1092000000.0497956,752000000.033373,804000000.0347908,766000000.0329616,771000000.0307885
Denmark,Expenditure on Waste Management,361000000.02720606,430000000.0313519,529000000.0375105,943000000.0656343,702000000.0466135,933000000.0588279,928000000.0551639,1039000000.0597522,1074000000.059618,628000000.0364662,566000000.0312548,409000000.02214575,657000000.0346701,681000000.0352908,498000000.0251367,518000000.0254376,545000000.0258563,808000000.0368452,887000000.0393642,1016000000.0439645,1008000000.043375,721000000.0287919
Denmark,Expenditure on Waste Water Management,2000000.000150726,1000000.0000729,8000000.000567266,17000000.001183227,30000000.00199203,15000000.000945786,109000000.00647938,42000000.002415396,24000000.001332246,25000000.00145168,129000000.00712343,122000000.00660583,130000000.00686015,136000000.0070478,146000000.0073694,155000000.00761163,191000000.00906155,220000000.01003212,233000000.01034033,275000000.0118998,336000000.01445836,344000000.013737
"Estonia, Rep. of",Environmental Protection Expenditures,32800000.531462412,50700000.72562605,48300000.61744335,62500000.71474151,68200000.69752195,105100000.92654058,107500000.79225112,140200000.85480872,178700001.07533547,108900000.7705992,-38100000.258461036,-28700000.17209072,158300000.88353375,126000000.66628663,137000000.68335208,149500000.7246247,128800000.5922411,175300000.73551533,193400000.74579182,187300000.67459688,184200000.67067224,174400000.5546206
"Estonia, Rep. of",Expenditure on Biodiversity & Landscape Protection,9000000.145828102,9600000.137396649,11300000.14445362,16300000.186404588,14800000.1513684,30600000.26976348,35700000.26310107,31500000.192057595,43500000.26176325,31300000.221485354,25000000.169593856,27900000.16729377,39400000.21990669,33400000.17661884,24700000.123202898,24500000.1187512,23200000.106676966,47700000.20013737,22900000.088307302,29400000.105889738,24400000.088840406,24800000.078868065
"Estonia, Rep. of",Expenditure on Environmental Protection Not Elsewhere Classified,9800000.1587906,13000000.18605796,13700000.175134035,16700000.190978933,12100000.123753894,16600000.14634228,-5900000.043481689,20600000.12559957,22000000.13238601,200000.001415242,13300000.090223933,22100000.13251585,20400000.113860317,4000000.021151957,4200000.02094948,19600000.095000964,15300000.07035162,15600000.06545373,22600000.08715044,14500000.052224532,21400000.077917404,12000000.038161967
"Estonia, Rep. of",Expenditure on Environmental Protection R&D,2100000.034026557,2300000.032917947,2900000.037072168,3200000.036594766,4600000.047046935,6300000.05553954,6700000.049377512,10200000.062190078,12700000.076422835,9500000.067223988,19500000.132283207,15300000.091741744,14200000.079255711,19400000.10258699,19400000.096766647,20000000.096939757,19600000.090123642,19100000.080138862,17500000.067483746,20200000.072754174,22300000.081194308,20000000.06360328
"Estonia, Rep. of",Expenditure on Pollution Abatement,500000.008101561,4500000.064404679,1000000.012783506,1100000.012579451,5800000.059320049,7200000.06347376,15700000.115705512,14500000.088407464,13500000.08123687,8200000.058024917,-150900001.02366853,-172300001.03314397,27800000.155162588,14100000.074560648,40200000.200516455,28300000.137169756,15000000.068972178,23300000.09776102,51900000.20013751,35000000.12605921,28300000.103040308,14900000.047384443
"Estonia, Rep. of",Expenditure on Waste Management,8200000.132865603,13300000.190351607,10200000.130391764,13900000.158958513,19600000.200460855,31000000.2732898,34800000.25646827,38200000.23290794,38700000.23287903,35600000.251913056,29200000.198085625,57400000.34418145,29700000.165767226,31500000.166571658,31100000.155125912,41400000.200665295,39500000.18162673,52700000.221116126,60000000.23137285,70000000.25211842,68500000.24940851,85800000.27285807
"Estonia, Rep. of",Expenditure on Waste Water Management,3100000.050229679,8000000.114497207,9300000.118886609,11300000.129225265,11300000.11557182,13400000.11813172,20600000.151817422,25200000.153646074,48300000.29064747,24000000.169829026,25700000.174342483,21000000.125920042,26800000.1495812,23500000.124267746,17200000.08579311,15800000.076582408,16200000.074489951,16900000.070908207,18500000.07133996,18200000.06555079,19300000.070271306,16800000.053426754
Finland,Environmental Protection Expenditures,427000000.3129535,434000000.3000802,442000000.29767114,459000000.3024732,452000000.28471005,517000000.31392884,543000000.3140599,597000000.3191285,594000000.3057679,619000000.3405833,520000000.2763855,480000000.2424267,496000000.24672073,522000000.25548035,521000000.2518161,499000000.23606217,493000000.2266479,453000000.2001759,462000000.1978909,464000000.19344777,543000000.2281637,579000000.2302818
Finland,Expenditure on Biodiversity & Landscape Protection,0.0,48000000.0331886,37000000.024918176,45000000.029654235,37000000.023305915,62000000.03764717,61000000.03528112,61000000.032607764,65000000.03345945,70000000.03851508,70000000.03720574,81000000.0409095,88000000.04377304,93000000.04551661,89000000.04301657,81000000.03831871,70000000.03218125,67000000.02960659,74000000.03169681,80000000.03335306,138000000.05798635,150000000.05965853
Finland,Expenditure on Environmental Protection Not Elsewhere Classified,0.0,134000000.09265149,141000000.09495845,153000000.1008244,149000000.09385353,150000000.09108186,151000000.08733523,148000000.07911393,158000000.0813322,184000000.10123962,181000000.09620342,140000000.0707078,141000000.07013634,136000000.06656194,138000000.06669986,119000000.05629538,103000000.0473524,109000000.04816593,98000000.04197685,92000000.03835602,99000000.04159892,103000000.04096551
Finland,Expenditure on Environmental Protection R&D,0.0,53000000.03664574,57000000.038387455,57000000.03756203,59000000.03716348,65000000.03946881,62000000.0358595,64000000.03421143,64000000.03294469,64000000.03521378,70000000.03720574,68000000.03434378,71000000.03531688,84000000.04111178,73000000.03528325,78000000.03689949,70000000.03218125,69000000.03049037,73000000.03126848,71000000.02960084,73000000.03067395,83000000.03301105
Finland,Expenditure on Pollution Abatement,0.0,84000000.05808005,92000000.0619587,90000000.05930847,89000000.05606017,95000000.05768518,101000000.05841628,162000000.08659768,145000000.0746403,132000000.07262844,133000000.07069091,134000000.06767745,138000000.06864408,152000000.07439274,162000000.07829982,145000000.06859523,175000000.0804531,157000000.06937662,162000000.0693903,165000000.0687907,178000000.074794,183000000.07278338
Finland,Expenditure on Waste Management,0.0,115000000.07951434,115000000.07744838,114000000.07512406,118000000.07432696,145000000.0880458,168000000.09716767,162000000.08659768,162000000.08339125,169000000.0929864,66000000.0350797,57000000.02878817,58000000.028850414,57000000.027897276,59000000.028516605,76000000.03595336,75000000.0344799,51000000.02253635,55000000.02355844,56000000.02334715,55000000.02311051,60000000.023863405
Finland,Expenditure on Waste Water Management,0.0,0.0,0.0,0.0,0.0,0.0,0.0,0.0,0.0,0.0,0.0,0.0,0.0,0.0,0.0,0.0,0.0,0.0,0.0,0.0,0.0,0.0
France,Environmental Protection Expenditures,10292000000.696072,11475000000.746002,12037000000.75808,13178000000.808136,14270000000.837433,15326000000.867884,16554000000.895706,16875000000.869236,17795000000.893154,19207000000.991882,19833000000.99399,20406000000.991367,21009000001.00579,21651000001.02263,21995000001.023136,22083000001.00449,21113000000.945023,21477000000.934902,22769000000.96344,24266000000.995472,23973000001.037926,26013000001.041008
France,Expenditure on Biodiversity & Landscape Protection,780000000.0527531,898000000.0583799,888000000.0559254,867000000.0531684,981000000.0575697,1020000000.0577607,1064000000.057571,1118000000.0575886,1165000000.0584729,1361000000.0702844,1510000000.0756783,1648000000.0800633,1791000000.085743,1834000000.0866244,1829000000.085079,1886000000.0857885,1712000000.0766294,1719000000.0748289,1873000000.0792534,1961000000.0804467,1971000000.0853357,2101000000.0840795
France,Expenditure on Environmental Protection Not Elsewhere Classified,1561000000.105574,1987000000.1291769,1789000000.1126695,2003000000.1228333,1955000000.1147287,1842000000.104309,2080000000.112545,1760000000.0906582,1672000000.0839198,1759000000.0908377,1728000000.0866039,1590000000.0772457,1648000000.0788968,1937000000.0914893,1881000000.087498,1923000000.0874715,1797000000.080434,1781000000.0775278,1873000000.0792534,1857000000.0761805,1799000000.0778887,1847000000.0739148
France,Expenditure on Environmental Protection R&D,198000000.01339117,264000000.01716292,237000000.01492605,199000000.0122036,225000000.01320407,380000000.0215187,472000000.02553904,473000000.02436435,413000000.020729,312000000.0161122,341000000.01709026,373000000.0181211,357000000.0170911,373000000.0176177,699000000.0325152,773000000.0351614,798000000.0357186,809000000.0352161,844000000.0357127,880000000.0361005,761000000.032948,831000000.0332557
France,Expenditure on Pollution Abatement,491000000.0332074,720000000.046808,697000000.0438964,663000000.0406582,756000000.0443656,811000000.0459255,1053000000.0569758,1106000000.0569704,1405000000.0705187,1786000000.092232,1873000000.093871,1591000000.077294,1692000000.0810032,1849000000.0873327,1695000000.0788457,1742000000.0792382,1611000000.0721087,1580000000.068778,1818000000.0769262,2466000000.101164,2597000000.1124387,3039000000.1216173
France,Expenditure on Waste Management,4668000000.315707,4799000000.311988,5551000000.349597,6362000000.390147,6912000000.405629,7322000000.414632,7770000000.420421,8014000000.412804,8408000000.422008,8978000000.463638,9550000000.478628,10263000000.498598,10604000000.507658,10878000000.513794,11290000000.525173,11289000000.513502,10925000000.489004,11158000000.485712,11668000000.493715,12072000000.495234,12094000000.523617,13134000000.525608
France,Expenditure on Waste Water Management,2592000000.1753025,2807000000.182486,2875000000.1810646,3082000000.1890025,3439000000.201817,3951000000.223738,4113000000.2225466,4405000000.226903,4732000000.237505,5011000000.258777,4831000000.242121,4939000000.239947,4916000000.23535,4780000000.225771,4601000000.214024,4470000000.203327,4269000000.191081,4430000000.19284,4691000000.198493,5030000000.206347,4751000000.205697,5061000000.202536
Germany,Environmental Protection Expenditures,15051000000.713625,14978000000.689423,13601000000.618755,13536000000.612055,12954000000.572548,12793000000.55906,13380000000.560987,12787000000.511572,12952000000.508621,14274000000.58363,14387000000.561028,15745000000.584543,15741000000.573378,16354000000.581713,16671000000.569475,16796000000.555023,17428000000.55596,17905000000.54803,19390000000.57615,20656000000.594715,23107000000.678535,20740000000.575832
Germany,Expenditure on Biodiversity & Landscape Protection,1138000000.053957,1076000000.0495272,1084000000.049315,1037000000.0468898,940000000.0415466,922000000.0402918,1008000000.0422628,981000000.039247,1004000000.0394268,1073000000.0438724,1082000000.0421932,1209000000.044885,1236000000.0450222,1291000000.045921,1412000000.0482335,1446000000.047783,1492000000.0475957,1613000000.04937,1605000000.0476904,1740000000.050097,1966000000.0577314,2033000000.056445
Germany,Expenditure on Environmental Protection Not Elsewhere Classified,981000000.046513,1234000000.0568,1236000000.0562298,1258000000.0568826,1253000000.0553808,1204000000.0526152,1186000000.0497258,1073000000.0429277,1127000000.044257,1185000000.048452,1169000000.0455856,1199000000.0445135,1148000000.0418167,1205000000.042862,1253000000.042802,1242000000.0410419,1261000000.0402267,1271000000.0389023,1359000000.040381,1433000000.041258,1557000000.045721,1638000000.0454779
Germany,Expenditure on Environmental Protection R&D,607000000.0287802,595000000.0273873,619000000.0281605,628000000.0283961,616000000.0272263,627000000.0274001,668000000.0280074,648000000.0259247,682000000.0267819,820000000.0335279,888000000.034628,940000000.034898,940000000.0342402,1007000000.035819,966000000.0329982,1045000000.034532,1209000000.0385678,1333000000.0407999,1422000000.0422528,1468000000.0422657,1700000000.0499203,1700000000.0471992
Germany,Expenditure on Pollution Abatement,1770000000.0839224,2180000000.100343,2070000000.0941713,2035000000.092016,1978000000.0874248,1820000000.0795348,2213000000.0927854,1862000000.0744934,1957000000.076851,2969000000.121395,2895000000.1128917,3783000000.140446,3519000000.1281824,3532000000.1256337,3698000000.1263223,3741000000.123621,4052000000.129261,4901000000.150008,5493000000.163218,5913000000.170243,7194000000.211251,4295000000.119247
Germany,Expenditure on Waste Management,5202000000.246647,4919000000.226417,4135000000.188115,4270000000.1930757,4138000000.1828933,4306000000.188174,4377000000.183516,4233000000.1693506,4205000000.165129,4365000000.178474,4644000000.181095,4806000000.178426,4992000000.181837,5189000000.184573,5074000000.1733265,5130000000.16952,5215000000.166362,5330000000.163138,5481000000.162861,5769000000.166098,5995000000.176043,6095000000.169223
Germany,Expenditure on Waste Water Management,5353000000.253806,4974000000.228949,4457000000.2027645,4308000000.194794,4029000000.178076,3914000000.1710434,3928000000.1646905,3990000000.159629,3977000000.1561756,3862000000.157908,3709000000.1446342,3808000000.141374,3906000000.142279,4130000000.1469045,4268000000.1457934,4192000000.1385245,4199000000.1339507,3457000000.1058106,4030000000.119746,4333000000.124753,4695000000.137868,4979000000.138238
Greece,Environmental Protection Expenditures,624000000.4455392,689000000.4565635,798000000.4923434,790000000.4453313,971000000.5055133,1177000000.5957654,1681000000.7781544,1847000000.8004959,2199000000.9164486,2087000000.8860867,1748000000.7799253,1749000000.8602712,2092000001.1105154,3058000001.6999846,2621000001.4788194,2598000001.473048,2631000001.507788,2481000001.4024634,2482000001.382283,2511000001.3702593,2704000001.635556,2187000001.196193
Greece,Expenditure on Biodiversity & Landscape Protection,0.0,0.0,0.0,0.0,0.0,0.0,0.0,0.0,0.0,0.0,0.0,1000000.000491865,8000000.004246713,9000000.005003223,11000000.006206414,4000000.002267972,4000000.002292342,4000000.002261126,4000000.002227692,4000000.00218281,3000000.001814597,4000000.002187825
Greece,Expenditure on Environmental Protection Not Elsewhere Classified,0.0,127000000.08415613,222000000.13696772,180000000.1014679,250000000.13015273,246000000.1245185,0.0,0.0,0.0,0.0,0.0,1000000.000491865,1000000.000530839,1000000.000555914,0.0,0.0,26000000.014900226,28000000.015827883,29000000.01615077,23000000.01255116,23000000.013911907,23000000.012579992
Greece,Expenditure on Environmental Protection R&D,0.0,0.0,0.0,0.0,0.0,0.0,0.0,0.0,0.0,0.0,0.0,0.0,0.0,0.0,0.0,0.0,0.0,0.0,0.0,0.0,0.0,0.0
Greece,Expenditure on Pollution Abatement,0.0,0.0,6000000.00370183,33000000.01860245,41000000.02134505,42000000.021259256,10000000.004629115,20000000.008668065,0.0,83000000.03523967,184000000.0820974,304000000.14952683,738000000.3917593,1506000000.8372061,1143000000.644903,1178000000.6679177,1318000000.7553267,1236000000.698688,1084000000.6037047,1123000000.612824,1205000000.728863,638000000.348958
Greece,Expenditure on Waste Management,0.0,467000000.309456,490000000.3023161,507000000.28580123,608000000.3165315,791000000.4003826,1353000000.6263194,1373000000.5950627,1682000000.7009852,1574000000.6682801,1287000000.5742357,1212000000.59614,1134000000.6019716,1245000000.6921127,1168000000.6590083,1172000000.664516,1124000000.644148,1116000000.6308541,1253000000.6978247,1276000000.6963165,1379000000.8341095,1432000000.7832413
Greece,Expenditure on Waste Water Management,0.0,95000000.06295143,80000000.04935773,70000000.03945974,72000000.03748399,98000000.04960494,318000000.1472059,454000000.19676507,517000000.21546334,430000000.182567,277000000.1235923,231000000.1136207,211000000.11200705,297000000.1651064,299000000.1687016,244000000.1383463,159000000.0911206,97000000.05483231,112000000.06237538,85000000.04638472,94000000.05685736,90000000.04922606
Hungary,Environmental Protection Expenditures,85711000000.64328,113132000000.73468,148667000000.85275,122390000000.63965,129920000000.6164,133953000000.59406,170045000000.6993,155571000000.60532,174567000000.6414,157282000000.59445,158860000000.57913,201584000000.70728,199477000000.68976,275234000000.9086,379295000001.15845,415829000001.1902,179381000000.49533,257173000000.6547,272170000000.62723,342388000000.72034,366840000000.7599,393697000000.71246
Hungary,Expenditure on Biodiversity & Landscape Protection,3970000000.0297956,5681000000.036893,8588000000.04926,6668000000.034849,8642000000.041,395000000.0017517,801000000.0032941,12945000000.050367,11215000000.041204,9211000000.034813,13065000000.047628,14400000000.050524,15378000000.053173,18368000000.06064,24127000000.07369,25743000000.073685,19241000000.05313,20393000000.051914,22554000000.051975,30166000000.063465,28180000000.058372,27202743000.04923
Hungary,Expenditure on Environmental Protection Not Elsewhere Classified,13156000000.09874,15827000000.102781,28086000000.1611,25358000000.13253,14491000000.06875,16473000000.073053,10640000000.043756,12371000000.048134,25988000000.09548,39694000000.150024,11623000000.042372,31832000000.111687,35262000000.121925,25128000000.082954,25279000000.077206,23276000000.066624,16446000000.045414,12897000000.032833,18057000000.041615,11500000000.024195,22634000000.046883,48457763000.08769
Hungary,Expenditure on Environmental Protection R&D,0.0,0.0,1000000.00000574,0.0,24000000.000113867,0.0,0.0,0.0,0.0,0.0,1260000000.0045934,1278000000.004484,1309000000.0045261,999000000.003298,650000000.0019852,922000000.002639,733000000.002024,681000000.0017337,980000000.0022584,1843000000.0038774,1588000000.0032895,1600000000.0028956
Hungary,Expenditure on Pollution Abatement,918000000.0068898,4586000000.029781,189000000.0010841,30000000.00015679,8371000000.039716,2652000000.011761,3080000000.012666,112000000.00043577,1925000000.0070727,10932000000.041317,1889000000.0068862,16200000000.056839,5976000000.020663,15311000000.050547,71098000000.21715,43756000000.125244,61857000000.17081,18924000000.048176,5871000000.01353,6446000000.013562,11647000000.024126,10443000000.0189
Hungary,Expenditure on Waste Management,21066000000.158104,21153000000.137367,35936000000.20613,32777000000.171303,33487000000.158875,40101000000.17784,48698000000.20027,41948000000.163216,57873000000.21263,48714000000.18412,55460000000.20218,49860000000.174934,57404000000.19849,87537000000.28899,79613000000.24315,147020000000.4208,49607000000.136986,127610000000.32486,162839000000.37527,191751000000.4034,212491000000.44016,227956000000.41254
Hungary,Expenditure on Waste Water Management,46601000000.349754,65885000000.427864,75867000000.43517,57557000000.30081,64905000000.30794,74332000000.32965,106826000000.43932,88195000000.34315,77566000000.28499,48731000000.18418,75563000000.27547,88014000000.3088,84148000000.29097,127891000000.42221,178528000000.54526,175112000000.50122,31497000000.086975,76668000000.19518,61869000000.14258,100682000000.21182,90300000000.18704,78038000000.14124
Ireland,Environmental Protection Expenditures,805141000.7420928,995339000.815257,1084013000.79708,1174303000.8066542,1380295000.883338,1493620000.8770213,1739439000.9406643,1995782001.0127275,2004212001.0701516,1785515001.0532832,1601143000.956523,1287767000.7500012,1259199000.7170224,1041100000.5801389,1130219000.579347,1194304000.4541495,1225470000.4535317,1223310000.4108334,1294482000.3963132,1353661000.3794904,1433383000.384454,1483447000.3479958
Ireland,Expenditure on Biodiversity & Landscape Protection,79340000.07312712,62130000.050889105,40790000.02999309,99100000.06807394,221720000.14189264,300231000.17628914,349231000.1888593,357882000.18160146,356139000.1901609,384156000.2266153,410322000.2451264,345006000.20093304,360217000.20511746,285587000.1591395,272367000.1396145,287598000.10936284,274550000.1016077,267520000.08984327,293239000.0897768,272781000.07647246,279106000.0748603,280609000.06582695
Ireland,Expenditure on Environmental Protection Not Elsewhere Classified,17570000.016194146,26990000.022106823,22050000.016213473,21070000.01447344,22980000.014706355,25720000.015102226,30380000.01642908,41010000.02080987,51880000.02770139,48480000.02859856,41010000.02449938,61304000.03570372,57717000.03286564,54829000.03055272,55615000.02850809,59146000.02249102,64280000.02378926,73160000.02456987,79124000.02422428,85953000.02409638,87386000.02343819,90271000.02117631
Ireland,Expenditure on Environmental Protection R&D,2570000.002368751,3850000.003153437,5010000.003683878,6550000.004499337,7320000.00468453,7020000.004121992,6970000.003769279,11270000.00571878,11670000.006231211,14810000.008736484,13620000.00813659,14164000.008249177,13538000.007708909,13082000.00728977,14238000.007298358,15483000.00588761,16720000.006187871,19140000.006427933,20892000.006396208,23523000.006594524,23755000.006371435,24012000.005632877
Ireland,Expenditure on Pollution Abatement,41928000.038644746,53798000.044064574,81663000.06004721,88799000.06099796,99691000.06379856,113632000.06672226,148185000.0801364,168180000.08534023,93444000.04989454,102024000.0601844,100454000.06001124,94696000.05515137,85091000.04845315,60594000.03376519,67257000.03447574,79825000.03035448,75460000.02792685,69240000.0232534,75340000.02306579,84470000.02368063,90579000.0242946,91510000.02146696
Ireland,Expenditure on Waste Management,4420000.004073883,2750000.002252455,4380000.003220636,6220000.004272653,20220000.012940057,7190000.004221813,4720000.00255251,18060000.009164255,15320000.008180134,3810000.002247536,5840000.003488817,65203000.037974514,46080000.02623922,33437000.01863232,27021000.013850886,30317000.01152843,40150000.014859036,60970000.02047601,63309000.019382425,65516000.018367,64314000.01724994,64582000.015150025
Ireland,Expenditure on Waste Water Management,659313000.6076841,845821000.6927905,930120000.6839218,952564000.6543369,1008364000.6453158,1039826000.6105634,1199953000.648918,1399380000.7100928,1475759000.7879834,1232236000.7269013,1029898000.6152612,707395000.4119899,696558000.3966392,593571000.3307594,693721000.3555994,721935000.274525,754300000.2791574,733280000.246263,762578000.2334677,821418000.2302793,888243000.2382396,932463000.2187427
Italy,Environmental Protection Expenditures,9512000000.766163,9666000000.741179,10523000000.779331,10659000000.764254,10945000000.753622,11220000000.751186,10731000000.691124,12027000000.74478,12803000000.781767,13210000000.83753,13463000000.835546,14035000000.851248,13962000000.859539,14897000000.923702,14643000000.899776,14936000000.902285,15329000000.903946,15133000000.871418,15289000000.863108,16126000000.897568,16269000000.98186,16968000000.95571
Italy,Expenditure on Biodiversity & Landscape Protection,0.0,2138000000.1639397,2218000000.1642647,2346000000.168209,2385000000.1642203,2592000000.1735363,2547000000.164038,2677000000.165775,2707000000.1652927,2683000000.1701055,2679000000.1662655,2488000000.150902,2338000000.143934,2247000000.139327,2201000000.135246,2290000000.138339,2121000000.1250746,1978000000.1139011,1967000000.1110427,2327000000.12952,2208000000.133256,2260000000.1272926
Italy,Expenditure on Environmental Protection Not Elsewhere Classified,0.0,326000000.02499735,383000000.02836496,428000000.03068775,407000000.02802414,457000000.0305965,458000000.02949727,512000000.0317059,485000000.02961475,568000000.0360119,523000000.03245866,535000000.0324487,502000000.0309045,499000000.03094095,487000000.0299249,511000000.0308695,496000000.02924895,501000000.0288496,298000000.01682293,296000000.01647526,288000000.01738125,513000000.0288943
Italy,Expenditure on Environmental Protection R&D,0.0,1192000000.0914013,1283000000.0950189,1321000000.094716,1369000000.094263,1391000000.0931284,1439000000.092678,1579000000.0977805,1628000000.0994077,1549000000.0982084,1597000000.0991137,1515000000.0918875,1567000000.096469,1475000000.0914588,1434000000.0881157,1349000000.0814931,1215000000.0716481,1130000000.06507,1177000000.0664449,1387000000.0772,1233000000.0744133,1296000000.0729961
Italy,Expenditure on Pollution Abatement,0.0,986000000.0756055,1088000000.0805771,1087000000.0779383,1206000000.0830395,1255000000.0840232,1193000000.0768344,1296000000.0802557,1351000000.0824938,1384000000.0877473,1111000000.0689514,1102000000.0668383,1097000000.0675344,992000000.0615098,765000000.0470073,861000000.052013,703000000.0414557,595000000.0342625,1034000000.0583723,1069000000.0595002,1242000000.0749567,1190000000.067026
Italy,Expenditure on Waste Management,0.0,4822000000.369746,5307000000.393036,5199000000.37277,5311000000.365691,5253000000.351692,4824000000.310687,5740000000.3554535,6380000000.389571,6770000000.429227,7335000000.455229,8219000000.498497,8284000000.509986,9622000000.59662,9641000000.592415,9772000000.590326,10351000000.610395,10459000000.602272,10286000000.580673,10527000000.58593,10679000000.644493,11073000000.623678
Italy,Expenditure on Waste Water Management,0.0,202000000.01548916,244000000.0180706,278000000.0199327,267000000.0183844,272000000.0182106,270000000.01738924,223000000.0138094,252000000.01538745,256000000.01623073,218000000.01352963,176000000.01067472,174000000.0107119,62000000.003844365,115000000.00706646,153000000.00924274,443000000.0261236,470000000.0270645,527000000.02975065,520000000.028943,619000000.0373576,636000000.0358222
Latvia,Environmental Protection Expenditures,23314000.33943409,20510000.274529353,25330000.301319156,29100000.304018244,53730000.48419709,93494000.68432234,111710000.64947769,198427000.87398013,201451000.82131344,24261000.12768943,53535000.29596995,138604000.7013011,159390000.72699636,151421000.66561577,160475000.67923638,161825000.65857142,134655000.53073704,146484000.5428463,168525000.57805982,177170000.57809484,166930000.56669396,188217000.5726711
Latvia,Expenditure on Biodiversity & Landscape Protection,0.0,4380000.058626941,4920000.058527053,3080000.032177876,12770000.11507904,10710000.078391043,14770000.085872218,19518000.085967857,19614000.079966057,4582000.024115781,3914000.021638673,3743000.018938631,3793000.017300315,3881000.017060083,4979000.021074422,6255000.025455673,6208000.024468572,8478000.031418113,10539000.036149964,7638000.024922326,8177000.02775928,8596000.026154283
Latvia,Expenditure on Environmental Protection Not Elsewhere Classified,0.0,1530000.020479274,2540000.030215186,3560000.03719261,6880000.062000297,13177000.096448066,13900000.080814071,19349000.085223492,18864000.076908316,12835000.067552608,12213000.067519959,11490000.058136487,12110000.055235121,19819000.087120276,22713000.096136443,18517000.075357746,9001000.035477065,19991000.07408345,21551000.07392237,24627000.08035639,19612000.066578817,25941000.078928366
Latvia,Expenditure on Environmental Protection R&D,0.0,10000.000133851,20000.000237915,20000.000208947,40000.000360467,40000.000292777,60000.000348838,179000.000788413,286000.001166019,135000.000710526,160000.000884565,62000.000313704,72000.0003284,926000.004070507,967000.004092984,988000.004020816,1098000.004327721,1017000.003768839,1177000.004037243,1161000.003788272,1778000.006035954,1688000.005135927
Latvia,Expenditure on Pollution Abatement,0.0,2880000.038549221,5650000.067210944,6990000.073027063,9000000.08110504,22230000.162710823,25940000.150814172,46194000.203463435,41792000.17038551,-119173000.62722608,-44744000.24736863,28488000.144142058,39651000.18085283,25787000.11335438,37243000.157637015,36676000.149258554,23497000.09261244,25483000.094435927,24145000.082820084,19433000.063408688,19003000.064511385,22756000.069237653
Latvia,Expenditure on Waste Management,0.0,7680000.102797924,6990000.083151239,7850000.082011794,11780000.106157485,16767000.122724801,20560000.11953506,30152000.132805765,34137000.13917617,77039000.40546827,71904000.39752355,82921000.41955924,94472000.4308978,89479000.39333141,80634000.34129643,87228000.3549876,86452000.34074694,82112000.30429395,98902000.33924505,112019000.36551113,109473000.37163894,117419000.35726032
Latvia,Expenditure on Waste Water Management,0.0,4030000.05394214,5210000.061976818,7600000.079399954,13260000.119494759,30570000.22375483,36480000.21209333,83035000.36573118,86758000.35371138,48843000.25706833,10088000.05577183,11900000.060210982,9292000.042381896,11529000.050679129,13939000.05899907,12161000.049491037,8399000.033104306,9403000.034846015,12211000.041885111,12292000.040108042,8887000.030169588,11817000.035954531
Lithuania,Environmental Protection Expenditures,14024000.105037674,12944000.091302814,15823000.104219358,18117000.108811464,76505000.41990264,122716000.58491898,181624000.75508973,255306000.88002262,274652000.84094304,318908001.1856594,375459001.3393035,237781000.75926647,285377000.8541613,187025000.53375325,222606000.60852402,229540000.61463568,206835000.5318476,206318000.48802283,223043000.49004498,257898000.5278316,265950000.53719568,300449000.5424922
Lithuania,Expenditure on Biodiversity & Landscape Protection,0.0,0.0,0.0,0.0,5489000.030126731,10027000.047793137,14556000.060515605,9648000.033256007,16487000.05048071,14500000.053909156,11638000.041514024,14242000.045476606,19827000.059344154,21522000.061421935,23675000.064718857,14970000.040084936,8048000.020694319,14678000.034719216,24546000.053929713,23325000.047738533,17871000.036097854,22473000.04057736
Lithuania,Expenditure on Environmental Protection Not Elsewhere Classified,14024000.105037674,12944000.091302814,15823000.104219358,18117000.108811464,18896000.103711914,21152000.10081983,32452000.13491704,37278000.12849476,38279000.11720453,40046000.148885936,47767000.17039014,41829000.13356558,38292000.11461171,45120000.12876859,45566000.12456091,53468000.14317043,42874000.110244565,48520000.114768796,45797000.10062002,63387000.129732154,56651000.11443005,59994000.10832547
Lithuania,Expenditure on Environmental Protection R&D,0.0,0.0,0.0,0.0,1599000.008776215,2858000.013622498,3325000.013823467,7259000.025021285,6708000.020538885,3056000.01136182,918000.003274607,149000.000475777,95000.000284344,275000.000784826,2480000.00677942,2583000.006916459,88000.00022628,88000.000208154,62000.000136219,78000.00015964,78000.000157553,78000.000140837
Lithuania,Expenditure on Pollution Abatement,0.0,0.0,0.0,0.0,9659000.053014046,8776000.041830314,8754000.036394175,9023000.031101674,8968000.027458666,7373000.027411877,10903000.038892198,-36692000.11716245,9001000.026940875,22393000.063907694,28686000.078417115,16826000.04505472,7840000.020159476,55945000.132331826,48296000.10611054,54771000.11209806,67729000.13680664,75995000.13721696
Lithuania,Expenditure on Waste Management,0.0,0.0,0.0,0.0,25305000.138888128,38961000.18570543,53875000.22398174,84506000.2912865,99053000.30328536,100486000.37359418,114232000.4074781,80129000.2558626,77471000.2318783,75756000.2162011,117103000.32011712,136942000.36668748,146189000.3759048,84351000.19952314,100080000.21988451,111445000.22809093,117008000.2363459,135240000.24419
Lithuania,Expenditure on Waste Water Management,0.0,0.0,0.0,0.0,15556000.08538011,40941000.19514299,68663000.28546187,107591000.37085894,105157000.32197489,153447000.57049644,190002000.677758,138124000.44104838,140690000.42109895,21959000.062669095,5096000.013930615,4751000.012721679,1797000.004620737,2736000.006471711,4261000.00936179,4891000.010010254,6614000.0133597,6669000.012041579
Luxembourg,Environmental Protection Expenditures,173912000.75659966,208462000.8729601,198733000.7945824,213644000.81458944,207129000.7347762,242259000.8000337,237365000.69455743,266418000.7077717,296338000.7406672,342169000.8762173,336803000.79429615,340513000.7682466,360779000.77543193,388515000.7913616,404374000.7807759,422452000.7802609,399719000.7111413,474873000.8163706,531338000.88024956,554772000.884746,668276001.0405847,667508000.9104844
Luxembourg,Expenditure on Biodiversity & Landscape Protection,18047000.078513008,18652000.07810753,19548000.07815761,20886000.079634883,21129000.074953705,24395000.0805618,24381000.071341623,27484000.073014572,40036000.100065984,38481000.098541126,38317000.09036453,39636000.08942455,42118000.09052534,52384000.106700346,53896000.10406381,50949000.09410185,53596000.095352806,55142000.09479652,57716000.09561613,66900000.10669159,70069000.10910572,73163000.09979472
Luxembourg,Expenditure on Environmental Protection Not Elsewhere Classified,8448000.036752805,9276000.038844384,9405000.037603455,9973000.038025409,10472000.037148716,13447000.044407237,10780000.031543527,10806000.028707448,10458000.026138727,11154000.028562868,14839000.034995412,12955000.029228354,13230000.028435592,15441000.031451588,15399000.029732794,16265000.03004115,18004000.03203097,21000000.03610183,20588000.03410744,30751000.04904145,35691000.0555751,36819000.05022131
Luxembourg,Expenditure on Environmental Protection R&D,299000.001300792,356000.001490794,446000.001783215,424000.001616642,401000.001422521,439000.001449749,457000.001337235,454000.001206106,464000.001159722,867000.002220191,909000.002143731,972000.002192973,983000.002112788,1101000.002242614,1196000.002309268,1311000.002421392,736000.00130942,744000.001279036,765000.001267349,1067000.001701643,1136000.001768886,1177000.001605434
Luxembourg,Expenditure on Pollution Abatement,14810000.064430524,30315000.126947768,15646000.062556475,17648000.06728892,17212000.061058413,20387000.067325823,20096000.05880322,24137000.064122863,25254000.06311985,53523000.137060285,61577000.14521953,43005000.0970255,46126000.09913984,66362000.135171965,69284000.13377537,80718000.14908464,26323000.04683133,64882000.1115409,77852000.12897475,87998000.14033851,154821000.2410746,128321000.17503051
Luxembourg,Expenditure on Waste Management,66795000.29058992,71563000.2996788,76229000.3047819,75654000.28845626,80244000.28466019,82992000.27407195,83083000.24311046,84157000.22357327,87766000.21936235,94091000.24094574,95730000.22576393,98538000.22231598,101979000.21918617,88560000.18038681,87983000.16987988,93797000.1732413,102373000.18213211,95985000.16501114,101442000.1680555,107712000.17177825,123566000.19240686,142602000.1945099
Luxembourg,Expenditure on Waste Water Management,65514000.28501697,78299000.32788663,77458000.30969574,89058000.3395635,77671000.27553265,100598000.33221382,98569000.28842428,119380000.31714743,132360000.3308206,144052000.36888456,125430000.29580663,145407000.32805923,156343000.33603218,164667000.33540824,176616000.3410148,179413000.33137247,198686000.35348287,237120000.4076412,272976000.45223004,260344000.41519454,282993000.44065356,285426000.3893226
Malta,Environmental Protection Expenditures,30969000.74563942,42675000.99572149,40226000.89082332,63645001.32939337,65470001.33733724,74892001.4516055,82522001.52733582,94276001.62817772,97636001.57324637,97896001.56392281,130497001.91462372,93699001.3531327,108650001.4753288,110671001.39307898,131503001.502702,186686001.8674744,109619001.03991698,113292000.94877985,174836001.34956878,170786001.21573964,186337001.4252646,194669001.32596424
Malta,Expenditure on Biodiversity & Landscape Protection,0.0,2247000.052428499,3435000.076069659,12227000.255393082,11489000.234682566,13389000.259514313,13026000.24108815,13761000.237657024,14710000.23702788,14140000.22589144,17785000.26093767,17515000.25293887,16880000.22920893,18036000.227029417,18400000.21025921,18209000.182149928,19100000.181194995,22697000.19007923,28379000.219059072,41860000.29798029,38962000.29801467,43457000.296002075
Malta,Expenditure on Environmental Protection Not Elsewhere Classified,0.0,1571000.036655617,1322000.0292763,8486000.17725245,1866000.038116256,3959000.076735915,2103000.038922799,1457000.025162872,5291000.085255915,3460000.055274709,6023000.088368151,8678000.125321355,6922000.093991956,3859000.048575433,3363000.038429441,3510000.035111552,7646000.072534918,7007000.058681111,16262000.12552728,10006000.071227683,8287000.063386058,19727000.134368062
Malta,Expenditure on Environmental Protection R&D,0.0,0.0,0.0,0.0,0.0,0.0,27000.000499722,82000.001416167,18000.000290041,25000.000399384,66000.000968338,93000.001343038,169000.002294805,32000.000402802,44000.000502794,152000.0015205,12000.00011384,32000.000267989,121000.000934006,37000.000263384,61000.00046658,31000.000211153
Malta,Expenditure on Pollution Abatement,0.0,2656000.061971559,255000.005647093,22000.000459528,31000.000633228,17000.000329505,558000.01032759,277000.004783882,200000.003222677,233000.003722256,310000.004548253,4024000.058111677,5616000.076258137,4357000.054844043,8026000.091714153,8184000.081866934,1933000.018337692,2200000.018424211,3515000.02713248,6354000.045230931,11213000.085766606,21235000.144639622
Malta,Expenditure on Waste Management,0.0,18329000.42766442,18543000.410643287,23371000.48816486,35817000.73162377,37712000.73095853,46910000.86822087,53771000.928642966,56866000.9163037,37208000.5944108,48752000.71527878,44795000.64689676,51679000.70173509,52860000.66537896,65265000.7457917,104248001.04282309,60773000.57653212,60412000.50592883,72154000.55696072,93629000.66649777,106834000.81715773,91707000.62465109
Malta,Expenditure on Waste Water Management,0.0,17872000.417001393,16670000.369164838,19539000.408123452,16268000.332301851,19816000.384086613,19897000.36825817,24929000.43053208,20551000.331146155,42830000.68422422,57560000.84450785,18594000.268521003,27385000.37185347,31527000.396848325,36406000.41601613,52383000.524002396,20156000.191212896,20944000.175398488,54404000.41994749,18899000.134532478,20980000.160472967,18513000.12609905
"Netherlands, The",Environmental Protection Expenditures,6777000001.499313,7089000001.47111,7868000001.57003,8368000001.631793,8551000001.615573,8689000001.577286,9219000001.577122,9671000001.56193,10196000001.575407,10874000001.74028,10425000001.630978,10327000001.587893,10097000001.54633,10138000001.534985,9559000001.423403,9320000001.35071,9827000001.387335,9973000001.351088,10649000001.375862,11106000001.36596,11838000001.486197,11938000001.394047
"Netherlands, The",Expenditure on Biodiversity & Landscape Protection,612000000.1353961,692000000.1436039,823000000.1642265,625000000.1218776,571000000.1078812,623000000.1130911,709000000.1212907,656000000.1059483,823000000.1271635,1038000000.166122,941000000.1472182,787000000.1210101,775000000.1186892,821000000.1243067,620000000.0923223,664000000.0962307,845000000.1192935,833000000.1128503,1011000000.1306224,1090000000.1340623,1074000000.1348348,1081000000.1262326
"Netherlands, The",Expenditure on Environmental Protection Not Elsewhere Classified,134000000.02964556,143000000.02967536,199000000.0397097,181000000.03529572,179000000.03381914,141000000.02559528,150000000.02566093,169000000.0272946,164000000.02534,239000000.03824967,175000000.02737853,190000000.02921462,169000000.0258819,132000000.01998597,118000000.01757103,121000000.01753603,161000000.0227293,159000000.02154046,158000000.0204138,166000000.02041683,200000000.0251089,229000000.0267412
"Netherlands, The",Expenditure on Environmental Protection R&D,58000000.01283166,58000000.01203617,85000000.01696143,89000000.01735535,78000000.01473683,91000000.01651894,95000000.01625192,101000000.01631217,101000000.01560573,118000000.01888478,105000000.01642711,118000000.01814382,110000000.01684621,98000000.01483807,90000000.01340163,83000000.01202884,113000000.01595286,124000000.01679884,157000000.02028456,226000000.0277964,257000000.03226495,293000000.03421474
"Netherlands, The",Expenditure on Pollution Abatement,1083000000.239598,1166000000.2419684,1361000000.2715824,1485000000.2895808,1533000000.2896354,1447000000.2626693,1510000000.25832,1750000000.2826364,1789000000.2764223,1923000000.3077579,1734000000.2712822,1749000000.2689283,1631000000.2497833,1641000000.248462,1605000000.2389958,1510000000.218838,1500000000.2117636,1695000000.2296293,1739000000.2246807,1992000000.2450018,2312000000.290259,2236000000.2611065
"Netherlands, The",Expenditure on Waste Management,2861000000.6329546,2998000000.622145,3197000000.6379495,3475000000.677639,3550000000.670715,3531000000.640971,3743000000.640326,3770000000.6088796,3812000000.5890007,3823000000.6118345,3896000000.6095243,3844000000.5910583,3882000000.5945177,3842000000.581713,3937000000.586247,4026000000.5834713,4419000000.623856,4439000000.601372,4725000000.610476,4608000000.5667515,4782000000.600354,4924000000.574994
"Netherlands, The",Expenditure on Waste Water Management,2029000000.4488869,2032000000.421681,2203000000.4396005,2513000000.490045,2640000000.498785,2856000000.5184402,3012000000.5152717,3225000000.520859,3507000000.5418744,3733000000.597431,3574000000.559148,3639000000.559537,3530000000.5406103,3604000000.5456777,3189000000.4748645,2916000000.4226036,2789000000.393739,2723000000.3688974,2859000000.369386,3024000000.3719306,3213000000.4033747,3175000000.370757
"Poland, Rep. of",Environmental Protection Expenditures,4030000000.540327,4763000000.609781,5088000000.626436,5203000000.614176,5219000000.559323,6430000000.649147,7002000000.65474,7176000000.604291,8415000000.654573,9631000000.701956,10665000000.737122,10796000000.68973,9576000000.589857,10333100000.627495,10635450000.621504,10822370000.600872,7780760000.417538,7731070000.388528,10405550000.490469,11998390000.523216,13119100000.560886,14719370000.56134
"Poland, Rep. of",Expenditure on Biodiversity & Landscape Protection,0.0,118000000.0151069,109000000.0134201,120000000.0141651,119000000.01275331,140000000.01413384,167000000.01561576,171000000.01439992,295000000.022947,315000000.02295876,291000000.02011275,639000000.0408242,426000000.0262405,471000000.02860224,345600000.02019584,399200000.0221641,438510000.0235317,489770000.0246136,430250000.02027994,419120000.01827663,636040000.0271928,730600000.0278623
"Poland, Rep. of",Expenditure on Environmental Protection Not Elsewhere Classified,0.0,872000000.1116375,976000000.1201653,941000000.111078,1005000000.1077064,1111000000.112162,1190000000.111274,1397000000.1176412,1611000000.125314,1465000000.1067765,1759000000.121575,1822000000.116403,1775000000.1093357,2062000000.1252184,1997000000.1166987,2031500000.1127915,2133520000.1144907,1897610000.0953653,2200980000.1037436,2371550000.1034164,2573770000.1100373,2917080000.111246
"Poland, Rep. of",Expenditure on Environmental Protection R&D,0.0,163000000.020868,165000000.02031484,173000000.02042136,187000000.0200409,320000000.0323059,365000000.0341303,348000000.02930504,428000000.0332926,427000000.0311219,465000000.03213894,497000000.0317521,585000000.0360346,498000000.03024185,628100000.0367043,500100000.02776617,468600000.0251464,457380000.0229858,515000000.02427465,553620000.0241418,556400000.023788,584600000.0222944
"Poland, Rep. of",Expenditure on Pollution Abatement,0.0,159000000.0203559,186000000.02290037,155000000.0182966,164000000.01757598,359000000.0362432,409000000.0382446,371000000.0312419,500000000.0388932,587000000.0427835,658000000.0454783,834000000.0532821,797000000.0490932,1101000000.06686,1311900000.0766635,1223280000.067918,980180000.0525992,760580000.0382233,610210000.0287623,1249330000.0544798,1768660000.0756161,2907260000.110872
"Poland, Rep. of",Expenditure on Waste Management,0.0,937000000.1199591,1022000000.125829,1120000000.1322076,972000000.1041698,1111000000.112162,1259000000.117726,1274000000.1072836,1663000000.1293588,1833000000.133598,1855000000.12821,1541000000.0984507,1562000000.0962152,1218100000.073971,1616850000.0944839,2367540000.1314487,1626370000.0872757,1641880000.0825133,2155670000.101608,2744470000.1196785,3107830000.13287,3060240000.116706
"Poland, Rep. of",Expenditure on Waste Water Management,0.0,2514000000.321854,2630000000.3238063,2694000000.3180065,2772000000.297077,3389000000.3421397,3612000000.3377495,3615000000.304419,3918000000.304767,5004000000.364717,5637000000.389606,5463000000.349017,4431000000.272939,4983000000.302601,4736000000.276757,4300750000.238783,2133580000.114494,2483870000.124828,4493430000.211799,4660300000.203222,4476400000.191381,4519590000.172359
Portugal,Environmental Protection Expenditures,860019000.6697211,912037000.6717262,925489000.649219,881792000.6036868,856573000.5626154,960609000.6058611,1086150000.6532824,1079383000.6150913,1167879000.652072,1075871000.6133242,1330937000.7410116,1254108000.712172,1060227000.629979,1130340000.662986,1030456000.5954545,1084495000.6034586,1041144000.5582846,1185494000.6050072,1236762000.602757,1346763000.6282284,1388634000.6940134,1720575000.814359
Portugal,Expenditure on Biodiversity & Landscape Protection,194985000.15184033,211453000.1557377,210819000.1478869,200916000.13754982,199906000.13130254,246439000.15543035,233442000.14040744,242259000.13805237,260505000.14545,259136000.1477262,214706000.1195396,205948000.11695197,170463000.10128784,170767000.10016114,148172000.08562198,164818000.09171167,138143000.07407537,169753000.08663204,161718000.078816,170893000.07971695,191304000.09561017,231893000.1097564
Portugal,Expenditure on Environmental Protection Not Elsewhere Classified,71464000.05565104,102178000.07525533,123221000.086438,150961000.10334995,173806000.1141595,170371000.10745385,202855000.1220104,167545000.09547627,214462000.1197424,118082000.06731525,202421000.1126998,182579000.1036814,112581000.0668948,97816000.05737267,78534000.0453813,122965000.06842291,106556000.05713771,112998000.0576676,107112000.05220285,130353000.06080616,117980000.05896421,122790000.05811727
Portugal,Expenditure on Environmental Protection R&D,31520000.024545517,33680000.024805725,32177000.022571765,31257000.021398965,32480000.021333557,33217000.02095013,37930000.02281361,46501000.0264988,59741000.033355705,66793000.038076825,105172000.0585555,104043000.05908304,81086000.0481807,87734000.05145921,84675000.0489299,97968000.05451353,98242000.05267955,98223000.0501273,121383000.05915806,178630000.08332607,188779000.09434822,192386000.09105748
Portugal,Expenditure on Pollution Abatement,155000.000120703,0.0,150000.000105223,554000.000379276,52000.0000342,195000.000122987,15268000.009183185,150000.0000855,127000.0000709,175000.0000998,60000.0000334,6968000.003956928,0.0,55892000.03278271,53961000.03118165,82927000.04614408,61585000.03302325,71696000.03658947,170121000.08291134,158139000.07376757,162295000.08111203,332578000.1574112
Portugal,Expenditure on Waste Management,287662000.2240105,266228000.19608015,263257000.18467152,232436000.15912884,233079000.15309125,245348000.15474224,385863000.2320835,382010000.2176901,402857000.2249306,409285000.23332196,478588000.2664584,464339000.26368487,444917000.2643664,459326000.26941156,404275000.2336125,335287000.18656784,404295000.21679205,431793000.220362,446175000.217451,533117000.24868464,482046000.2409176,555256000.2628062
Portugal,Expenditure on Waste Water Management,274233000.213553,298498000.2198474,295865000.20754564,265668000.1818799,217250000.14269444,265039000.16716146,210792000.12678424,240918000.1372882,230187000.12852228,222400000.12678403,329991000.1837256,290231000.1648139,251180000.1492493,258805000.15179864,260839000.1507272,280530000.1560987,232323000.12457678,301031000.1536287,230253000.1122177,175631000.08192712,246230000.12306115,285672000.13521034
Romania,Environmental Protection Expenditures,180400000.22306553,314200000.2676516,359700000.2362228,390900000.2036812,315100000.1287761,925200000.3225245,1259800000.367543,1786500000.4196706,2586500000.4791284,2921700000.5503354,4057900000.7677937,5259900000.9411335,4920500000.831448,5123400000.806875,5318300000.794127,6825300000.958704,4635300000.606991,4268000000.4974966,6964900000.731816,7688200000.726006,7179300000.677979,8262300000.699059
Romania,Expenditure on Biodiversity & Landscape Protection,0.0,1000000.000851851,700000.000459705,600000.000312634,900000.000367815,2900000.001010939,4500000.001312862,5400000.001268525,8000000.001481935,4200000.000791118,3700000.000700075,4500000.000805168,4900000.000827984,4000000.000629953,1400000.000209048,20600000.002893545,26600000.00348326,1600000.000186503,2100000.000220651,2200000.000207748,2100000.000198314,2400000.00020306
Romania,Expenditure on Environmental Protection Not Elsewhere Classified,0.0,8800000.00749629,6600000.004334363,6200000.003230553,8100000.003310334,22200000.007738914,35300000.01029867,44000000.01033613,62300000.01154057,31800000.00598989,28500000.005392473,32800000.005868778,36200000.00611694,41600000.00655151,82400000.01230395,71000000.00997289,114600000.01500683,126300000.01472206,135100000.01419523,158500000.01496732,213000000.02011472,333400000.0282084
Romania,Expenditure on Environmental Protection R&D,0.0,700000.000596296,1100000.000722394,1600000.000833691,1100000.000449552,900000.00031374,0.0,400000.000094,700000.000129669,1500000.000282542,2100000.00039734,2600000.000465208,3400000.000574519,9100000.001433143,0.0,7900000.00110966,4900000.000641653,300000.000035,300000.0000315,0.0,0.0,0.0
Romania,Expenditure on Pollution Abatement,0.0,303700000.2587072,351300000.23070633,382500000.1993043,305000000.1246484,429000000.1495493,377500000.11013454,465700000.1093986,643100000.1191291,579600000.1091743,1730900000.3275027,2027600000.3627906,1664700000.2812948,2280300000.3591204,2206200000.329429,2312800000.3248634,1160300000.1519408,859500000.1001871,2999300000.3151426,2569100000.242603,1562200000.1475267,2308500000.195318
Romania,Expenditure on Waste Management,0.0,0.0,0.0,0.0,0.0,408100000.1422636,641500000.1871557,816700000.1918527,1207600000.2236981,1415900000.266701,1343800000.2542598,1742200000.3117251,1833500000.309818,2122000000.3341901,2237800000.3341475,3554700000.499305,2282500000.2988925,2428400000.283065,2643600000.277768,3273700000.3091393,3715400000.350865,3757600000.317924
Romania,Expenditure on Waste Water Management,0.0,0.0,0.0,0.0,0.0,62100000.02164805,201000000.05864117,454300000.10672057,664800000.1231488,888700000.1673968,948900000.179541,1450200000.2594786,1377800000.2328155,666400000.1049502,790500000.1180372,858300000.1205596,1046400000.1370257,851900000.0993011,1184500000.1244578,1684700000.1590881,1686600000.1592746,1860400000.1574051
Slovak Rep.,Environmental Protection Expenditures,448159001.41549224,312658000.90979934,367804000.9852878,453915001.09431165,477187001.03342706,543775001.0770893,577181001.0240715,465937000.7376693,536900000.7827603,574218000.8958774,599621000.8754601,558573000.7814713,639236000.8713579,654318000.8816246,611443000.803549,740367000.9267539,597207000.7371633,660528000.7822186,717363000.8021494,764275000.8126435,863439000.9377124,929351000.9568844
Slovak Rep.,Expenditure on Biodiversity & Landscape Protection,0.0,27370000.079643596,32144000.08610861,27568000.066461746,27146000.058789134,32297000.063972697,29270000.051932707,34326000.054344766,38208000.05570442,37221000.05807107,36287000.052979834,44613000.06241579,49593000.067601405,43052000.05800804,39142000.05143982,74507000.09326409,39194000.048379175,31711000.037553187,56527000.06320803,78959000.08395606,68806000.07472472,98842000.10177034
Slovak Rep.,Expenditure on Environmental Protection Not Elsewhere Classified,0.0,38205000.11117222,44363000.11884135,47862000.11538712,48153000.10428325,56264000.11144564,175493000.3113709,49397000.0782051,55525000.080951326,61287000.09561811,61839000.09028632,66205000.09262407,68313000.09311908,65301000.08798622,74863000.09838381,120501000.15083705,106160000.13103876,243194000.28799817,151573000.16948768,190634000.20269862,193500000.21014494,223081000.2296901
Slovak Rep.,Expenditure on Environmental Protection R&D,0.0,7154000.020817329,7625000.02042615,11039000.026613146,11384000.024653926,13648000.02703345,5696000.010106207,6025000.009538752,8933000.01302365,7845000.01223953,23257000.03395574,7125000.009968228,23035000.03139956,33454000.045075744,28808000.037859034,16681000.02088043,12479000.015403472,11425000.013529854,22571000.025238708,23961000.025477417,15712000.017063553,18238000.018778328
Slovak Rep.,Expenditure on Pollution Abatement,0.0,15728000.045766696,19005000.05091134,18857000.04546101,18354000.03974861,22063000.04370157,18687000.03315567,27316000.043246564,20675000.030142613,28105000.043848563,38366000.056015216,29816000.041714057,23117000.031511337,22530000.030356806,27112000.035630178,34344000.04299008,32974000.04070151,32240000.038179647,55578000.06214686,73866000.07854074,93229000.10124859,156235000.1608637
Slovak Rep.,Expenditure on Waste Management,0.0,164916000.47988686,161368000.43227893,235125000.56684628,255860000.55410698,262568000.52008495,269413000.47800976,269827000.4271889,325266000.47421366,337626000.5267538,340728000.4974705,289591000.40515214,378830000.51639223,364979000.4917708,346935000.4559367,387936000.4855986,339892000.4195462,282963000.3350939,354509000.39640903,326396000.3470526,433034000.47028375,365848000.3766868
Slovak Rep.,Expenditure on Waste Water Management,0.0,59285000.17251263,103299000.27672142,113464000.27354234,116290000.25184515,156935000.310851,78622000.13949618,79046000.12514526,88293000.12872463,102134000.15934636,99144000.14475246,121223000.16959697,96348000.13133426,125002000.16842704,94583000.12429954,106398000.13318363,66508000.08209425,58995000.06986378,76605000.08565907,70459000.07491812,59158000.064246796,67107000.06909514
"Slovenia, Rep. of",Environmental Protection Expenditures,118126000.62656009,160281000.75791222,190925000.81077006,222016000.86679968,251141000.9090024,246759000.84757295,259255000.8238085,262701000.74900138,293013000.7725975,321609000.88707733,243770000.67036265,294619000.7950084,274708000.7577462,271412000.7445267,369416000.9815939,403864001.0394774,227763000.5631676,194414000.4520068,247986000.54055363,275123000.56687707,298982000.63585323,344602000.6600547
"Slovenia, Rep. of",Expenditure on Biodiversity & Landscape Protection,34892000.18507301,49395000.2335715,70207000.29813662,73293000.28615211,76522000.27697062,70076000.2406985,68313000.21707134,66208000.188769296,63621000.167751685,48623000.13411429,29214000.08033792,59055000.15935572,38313000.10568141,26771000.073437154,24418000.0648823,23912000.06154543,24251000.05996311,27697000.064394705,37556000.08186362,21165000.043609414,23214000.04936985,30156000.05776115
"Slovenia, Rep. of",Expenditure on Environmental Protection Not Elsewhere Classified,14230000.075478302,16799000.079436533,21563000.091568075,40459000.15796091,51595000.186747596,43679000.15002954,35482000.11274757,34055000.0970961,37315000.098389745,39168000.10803505,43543000.11974238,40944000.11048447,25894000.07142522,19699000.054037523,18595000.049409714,28254000.072721,37464000.09263362,22832000.053083725,23200000.050570775,25261000.052049015,24181000.051426396,24482000.04689311
"Slovenia, Rep. of",Expenditure on Environmental Protection R&D,2767000.014676631,1732000.008190016,1862000.007907052,1068000.004169709,1049000.003796845,1694000.005818587,5029000.015980146,6392000.018224586,12084000.0318623,11773000.032472853,10978000.030189281,11526000.031102091,18303000.050486438,13127000.036009468,17417000.04627959,17499000.045039456,18199000.04499891,19576000.045513622,21932000.04780682,25434000.052405473,24918000.052993793,27967000.053568315
"Slovenia, Rep. of",Expenditure on Pollution Abatement,2860000.015169919,3387000.016015926,4685000.019895026,5037000.019665564,6157000.022285201,6593000.022645774,5430000.017254364,5015000.014298544,8899000.0234643,7325000.020204166,13268000.036486736,23358000.063029904,31467000.086797617,32950000.090387143,36225000.09625528,27688000.071264215,23406000.05787376,30408000.0706977,49258000.107371345,67176000.13841276,95728000.20358737,106617000.20421544
"Slovenia, Rep. of",Expenditure on Waste Management,24831000.131707784,42123000.19918478,35054000.14885811,38791000.15144866,49825000.1803411,56462000.193936855,61671000.19596572,71974000.20520906,59674000.15734449,54245000.14962115,44906000.1234906,40041000.1080478,38083000.10504699,36049000.098888196,39399000.10468908,86461000.22253594,41379000.10231386,13959000.032454262,19255000.041971564,21648000.04460461,19845000.042204905,24149000.046255276
"Slovenia, Rep. of",Expenditure on Waste Water Management,38547000.20445974,46845000.22151345,57554000.24440519,63368000.24740272,65994000.23886464,68255000.2344437,83330000.26478934,79057000.2254038,111420000.29378495,160476000.4426326,101861000.28011572,119695000.32298845,122648000.33830851,142815000.3917645,233361000.62007532,220050000.56637135,83065000.20538682,79942000.18586278,96785000.2109695,114439000.23579578,111096000.2362709,131231000.25136138
Spain,Environmental Protection Expenditures,4594000000.709114,5980000000.853076,6883000000.918282,7532000000.938841,7503000000.8730135,8065000000.869676,9381000000.934526,10222000000.950407,10301000000.928402,10763000001.006525,11077000001.03262,10102000000.949648,9498000000.921152,8731000000.855688,9088000000.880486,9248000000.858212,9299000000.83486,9801000000.843555,10118000000.840883,10697000000.859629,10547000000.940062,11677000000.968994
Spain,Expenditure on Biodiversity & Landscape Protection,737000000.1137607,936000000.1335249,1103000000.1471546,1156000000.1440918,1148000000.133576,1321000000.142448,1594000000.158793,1852000000.1721928,1831000000.165023,2220000000.207608,1672000000.155867,1416000000.1331124,1042000000.1010572,857000000.0839909,892000000.0864209,837000000.0776733,797000000.0715543,793000000.0682522,782000000.0649902,723000000.0581014,712000000.0634611,960000000.0796639
Spain,Expenditure on Environmental Protection Not Elsewhere Classified,339000000.05232686,493000000.07032883,565000000.0753784,606000000.075536,470000000.05468696,500000000.0539167,610000000.0607677,549000000.0510442,686000000.0618274,736000000.0688286,681000000.0634841,980000000.0921258,594000000.0576085,661000000.0647818,687000000.0665596,619000000.057443,685000000.061499,673000000.057924,639000000.0531058,613000000.0492617,672000000.0598959,699000000.0580052
Spain,Expenditure on Environmental Protection R&D,108000000.0166705,129000000.01840247,143000000.01907808,185000000.0230597,198000000.02303833,231000000.0249095,262000000.02610022,285000000.0264983,306000000.02757895,314000000.02936435,316000000.0294581,294000000.0276377,229000000.02220932,234000000.02293336,213000000.02063638,224000000.02078712,210000000.0188537,211000000.01816043,206000000.01712018,224000000.018001,227000000.02023268,243000000.0201649
Spain,Expenditure on Pollution Abatement,114000000.01759663,244000000.03480777,286000000.03815615,438000000.05459535,1122000000.1305506,1441000000.1553879,868000000.0864694,950000000.0883278,933000000.0840888,912000000.0852876,369000000.0343989,405000000.0380724,246000000.02385804,233000000.02283534,237000000.0229616,234000000.02171513,242000000.02172664,291000000.0250459,421000000.0349883,596000000.0478956,459000000.04091096,615000000.0510347
Spain,Expenditure on Waste Management,1618000000.2497487,2896000000.4131284,3527000000.4705477,3798000000.473409,3584000000.417017,3679000000.396719,4596000000.4578495,4792000000.445544,5271000000.475061,5114000000.478247,6142000000.572569,5788000000.5441065,5954000000.577442,5410000000.530211,5559000000.53858,5801000000.538331,5896000000.52934,6378000000.548944,6547000000.544106,6940000000.55771,6912000000.616072,7452000000.618391
Spain,Expenditure on Waste Water Management,1678000000.25901,1282000000.1828835,1259000000.167967,1349000000.1681488,981000000.1141444,893000000.0962951,1451000000.1445475,1794000000.1668,1274000000.1148221,1467000000.1371896,1897000000.176842,1219000000.1145933,1433000000.138978,1336000000.1309357,1500000000.1453266,1533000000.142262,1469000000.131886,1455000000.1252296,1523000000.1265728,1601000000.128659,1565000000.1394894,1708000000.1417353
Sweden,Environmental Protection Expenditures,10116000000.420073,10585000000.42277,11278000000.434048,11516000000.425959,12586000000.444704,14880000000.507662,15330000000.491083,15394000000.463636,15664000000.459051,15597000000.466812,15701000000.439363,16770000000.44985,17207000000.4597,18011000000.47116,17672000000.442604,18105000000.424953,19349000000.43825,21571000000.46639,24187000000.500942,24879000000.49269,26894000000.533768,30608000000.561428
Sweden,Expenditure on Biodiversity & Landscape Protection,0.0,281000000.01122326,376000000.0144708,663000000.0245233,705000000.02491,1163000000.039678,1210000000.0387614,1196000000.036021,1193000000.0349622,1202000000.0359755,1160000000.0324605,1132000000.0303655,1152000000.0307767,1719000000.0449686,1176000000.0294535,1377000000.0323203,1929000000.0436916,1870000000.0404315,2282000000.047263,1758000000.0348146,1660000000.032946,2774000000.0508823
Sweden,Expenditure on Environmental Protection Not Elsewhere Classified,0.0,1722000000.0687773,1930000000.0742784,1934000000.0715356,2081000000.0735285,3523000000.1201944,3749000000.120096,2619000000.078879,2500000000.0732656,2851000000.0853295,3082000000.086244,3562000000.0955496,3822000000.1021085,3408000000.0891523,3945000000.0988045,3352000000.0786767,3440000000.0779157,3529000000.076301,4279000000.088623,6848000000.135614,7782000000.154449,10184000000.1868
Sweden,Expenditure on Environmental Protection R&D,0.0,270000000.0107839,282000000.0108531,310000000.0114664,343000000.0121193,322000000.0109857,271000000.00868124,397000000.0119568,426000000.01248443,479000000.0143363,441000000.01234055,443000000.0118834,461000000.01231605,502000000.01313215,421000000.0105442,477000000.01119596,385000000.0087202,410000000.0088647,508000000.0105213,546000000.0108126,482000000.00956625,677000000.0124179
Sweden,Expenditure on Pollution Abatement,0.0,57000000.0022766,87000000.00334829,106000000.00392076,230000000.00812665,75000000.00255878,73000000.0023385,123000000.0037045,60000000.00175837,82000000.00245424,29000000.00081151,33000000.000885215,29000000.000774764,80000000.00209278,201000000.00503415,400000000.0093886,554000000.0125481,1140000000.0246482,1354000000.028043,184000000.00364384,197000000.00390986,209000000.0038336
Sweden,Expenditure on Waste Management,0.0,3773000000.1506953,4116000000.158409,3985000000.147399,4625000000.163416,4926000000.16806,5160000000.165297,5836000000.175769,5898000000.172848,5601000000.167636,5535000000.154886,5420000000.14539,5329000000.142369,5447000000.142492,5074000000.127081,4942000000.115996,5586000000.126522,5811000000.125641,6089000000.12611,5875000000.116345,6404000000.1271,6654000000.122051
Sweden,Expenditure on Waste Water Management,0.0,4482000000.179013,4487000000.172688,4518000000.167113,4602000000.162603,4871000000.166184,4867000000.1559105,5223000000.157306,5587000000.1637335,5382000000.161081,5454000000.15262,6180000000.165777,6414000000.171356,6855000000.179325,6855000000.171687,7557000000.177375,7455000000.168855,8811000000.190504,9675000000.20038,9668000000.19146,10369000000.205793,10110000000.185442
United Kingdom,Environmental Protection Expenditures,6417000000.58416,7072000000.619252,7944000000.667375,8862000000.70335,9157000000.692245,19267000001.376553,12552000000.84999,14055000000.90533,13582000000.849537,15148000000.972822,15458000000.958817,14585000000.87361,14096000000.81889,13804000000.769815,14961000000.797426,14882000000.76901,14910000000.73935,14936000000.712208,14419000000.663132,14479000000.642004,15225000000.708014,16572000000.71522
United Kingdom,Expenditure on Biodiversity & Landscape Protection,223000000.02030042,280000000.0245179,342000000.0287314,327000000.025953,329000000.0248716,406000000.02900714,432000000.02925396,624000000.040194,525000000.0328381,474000000.0304408,568000000.0352315,511000000.0306078,438000000.02544504,514000000.0286646,505000000.0269166,562000000.0290407,578000000.0286616,557000000.02656,471000000.02166134,428000000.01897764,386000000.0179503,488000000.02106124
United Kingdom,Expenditure on Environmental Protection Not Elsewhere Classified,780000000.071006,697000000.061032,1086000000.0912347,1480000000.117463,1087000000.0821745,1570000000.1121705,1461000000.0989354,1669000000.107506,1583000000.0990148,2142000000.1375616,2040000000.1265357,1843000000.1103919,1851000000.1075315,1541000000.085938,1763000000.0939684,1668000000.0861921,1855000000.0919847,1781000000.0849252,1773000000.0815406,1753000000.0777285,1901000000.088403,2000000000.0863166
United Kingdom,Expenditure on Environmental Protection R&D,235000000.02139282,291000000.0254811,365000000.0306636,397000000.0315087,456000000.03447247,521000000.03722346,536000000.0362966,641000000.0412891,503000000.031462,542000000.0348078,782000000.0485053,583000000.0349205,671000000.038981,618000000.0344644,599000000.0319269,787000000.0406674,669000000.033174,838000000.0399591,444000000.0204196,395000000.0175144,577000000.0268325,655000000.0282687
United Kingdom,Expenditure on Pollution Abatement,244000000.02221212,401000000.03511316,256000000.02150652,213000000.01690516,221000000.01670706,281000000.02007633,175000000.01185057,178000000.0114656,207000000.0129476,281000000.01804614,503000000.0311997,258000000.01545364,163000000.00946927,169000000.00942472,492000000.0262237,460000000.02377003,122000000.00604968,57000000.00271799,59000000.00271342,133000000.00589727,132000000.00613844,615000000.0265423
United Kingdom,Expenditure on Waste Management,4935000000.449249,5397000000.472583,5881000000.494062,6429000000.51025,7038000000.532055,16438000001.17443,9908000000.670946,10930000000.704039,10748000000.672274,11683000000.750296,11550000000.716415,11379000000.681578,10959000000.63665,10962000000.611324,11602000000.618391,11405000000.58934,11686000000.57948,11703000000.558044,11672000000.536797,11770000000.521885,12229000000.56869,12814000000.55303
United Kingdom,Expenditure on Waste Water Management,0.0,6000000.000525383,14000000.00117614,16000000.001269871,26000000.001965534,51000000.00364375,40000000.0027087,13000000.000837374,16000000.00100078,26000000.00166975,15000000.00093041,11000000.000658875,14000000.000813313,0.0,0.0,0.0,0.0,0.0,0.0,0.0,0.0,0.0
